#timestamp,left1,left2,right2,right2,acc_x,acc_y,acc_z,roll,pitch,yaw,event
1590137816125,180,127,-75,-174,-5640,12276,-9291,1
1590137816159,178,140,-78,-177,-5683,12219,-9299,0
1590137816159,190,140,-86,-183,-5655,12171,-9364,0
1590137816185,176,123,-84,-171,-5687,12193,-9333,0
1590137816205,170,132,-61,-146,-5560,12229,-9308,0
1590137816227,186,118,-58,-192,-5653,12222,-9329,0
1590137816238,144,115,-125,-202,-5596,12235,-9306,0
1590137816261,173,121,-72,-147,-5571,12195,-9404,0
1590137816285,152,101,-64,-179,-5627,12247,-9384,0
1590137816306,141,107,-100,-183,-5661,12309,-9339,0
1590137816340,164,124,-72,-157,-5747,12221,-9319,0
1590137816341,164,128,-69,-164,-5605,12258,-9303,0
1590137816363,180,128,-63,-170,-5594,12242,-9306,0
1590137816388,165,138,-81,-141,-5583,12233,-9338,0
1590137816408,186,116,-22,-130,-5649,12217,-9298,0
1590137816420,122,61,-74,-200,-5669,12242,-9360,0
1590137816442,120,102,-113,-189,-5643,12234,-9331,0
1590137816464,153,103,-80,-156,-5645,12168,-9364,0
1590137816488,143,109,-68,-171,-5674,12117,-9372,0
1590137816509,159,129,-80,-149,-5622,12204,-9404,0
1590137816521,171,112,-55,-176,-5560,12173,-9390,0
1590137816543,136,103,-117,-191,-5598,12265,-9249,0
1590137816568,147,101,-80,-165,-5634,12329,-9181,0
1590137816588,122,68,-93,-175,-5764,12390,-9087,0
1590137816600,87,21,-73,-200,-5919,12412,-9170,0
1590137816622,41,14,-172,-291,-5870,12473,-9225,0
1590137816645,75,-4,-231,-411,-5869,12678,-8842,0
1590137816668,-35,-111,-480,-637,-5938,12441,-8909,0
1590137816690,-83,-123,-596,-636,-5748,12544,-8932,0
1590137816702,-101,-122,-514,-531,-5792,12288,-9533,0
1590137816724,-32,3,-410,-455,-5701,12035,-9817,0
1590137816745,112,196,-350,-300,-5709,11821,-9858,0
1590137816769,281,232,-44,20,-5740,12363,-9607,0
1590137816779,196,126,78,-53,-5748,12100,-9754,0
1590137816803,175,153,108,203,-5740,12185,-10176,0
1590137816824,178,112,383,317,-5648,12533,-9729,0
1590137816848,98,46,305,138,-5449,12445,-9503,0
1590137816869,99,116,161,80,-5124,12422,-9867,0
1590137816880,174,134,170,104,-4805,11852,-10410,0
1590137816903,147,113,172,32,-4546,11708,-10778,0
1590137816926,124,72,-16,-190,-4081,11260,-11057,0
1590137816948,94,88,-115,-104,-3791,10812,-11364,0
1590137816959,133,112,43,-27,-3584,10502,-11782,0
1590137816982,116,75,17,-111,-3696,10510,-12088,0
1590137817006,98,84,-143,-398,-3526,10418,-11879,0
1590137817026,169,248,-463,-544,-3448,10285,-11975,0
1590137817050,323,274,-392,-343,-3408,10344,-12197,0
1590137817060,208,130,-256,-368,-3485,10372,-12268,0
1590137817086,136,122,-286,-283,-3532,10306,-12458,0
1590137817106,132,96,-151,-176,-3509,10285,-12445,0
1590137817128,93,64,-94,-208,-3624,9773,-12702,0
1590137817140,77,44,-172,-192,-3604,9650,-12733,0
1590137817161,27,-28,-29,-19,-3760,9696,-12674,0
1590137817186,-26,-26,53,-25,-3854,9463,-12588,0
1590137817208,1,-5,27,-40,-3750,9433,-12639,0
1590137817230,14,6,39,-1,-3861,9288,-12853,0
1590137817242,24,-1,72,7,-3859,9228,-12956,0
1590137817263,6,8,49,-33,-3872,9335,-12989,0
1590137817294,3,-16,-13,-135,-3942,9323,-13028,0
1590137817308,48,128,-147,-277,-3881,9180,-13044,0
1590137817319,218,247,-224,-207,-3790,8940,-13053,0
1590137817343,203,110,-46,-19,-3718,8907,-13486,0
1590137817363,58,29,40,-77,-3773,8670,-13705,0
1590137817385,28,36,-96,-193,-3775,8671,-13739,0
1590137817409,65,54,-151,-247,-3549,8487,-13353,0
1590137817419,23,1,-271,-354,-3647,8305,-13623,0
1590137817442,7,5,-255,-204,-3753,8186,-14017,0
1590137817464,-3,-13,-79,-105,-3624,8281,-13683,0
1590137817487,-7,39,-32,-52,-3675,8044,-13554,0
1590137817498,134,204,51,41,-3582,7948,-13662,0
1590137817521,174,87,48,-111,-3653,7927,-14100,0
1590137817543,1,-35,-151,-219,-3704,8015,-14182,0
1590137817565,-76,-74,-200,-282,-3780,8174,-14145,0
1590137817588,-48,10,-267,-331,-3909,8067,-14055,0
1590137817599,14,9,-319,-412,-3849,8085,-13872,0
1590137817624,-32,-14,-416,-434,-3863,7956,-13454,0
1590137817647,-4,14,-355,-380,-3891,8010,-13356,0
1590137817667,-1,14,-346,-373,-3724,8489,-13087,0
1590137817680,-30,-24,-347,-392,-3613,8486,-13009,0
1590137817701,-21,36,-336,-330,-3473,8461,-13259,0
1590137817724,16,31,-274,-296,-3487,8417,-13596,0
1590137817745,-8,-14,-267,-327,-3202,8517,-13434,0
1590137817770,-64,-30,-317,-324,-3005,8511,-13033,0
1590137817780,-43,-8,-258,-257,-2765,8544,-13245,0
1590137817813,-40,-39,-215,-256,-2541,8745,-13267,0
1590137817827,-88,-46,-245,-254,-2328,8825,-13247,0
1590137817847,-43,3,-199,-197,-2097,8989,-13438,0
1590137817858,-26,12,-168,-189,-1796,9012,-13646,0
1590137817881,-36,-11,-173,-182,-1575,9082,-14060,0
1590137817904,-53,-23,-132,-109,-1431,9046,-13915,0
1590137817927,-85,-76,-85,-122,-1174,8911,-13704,0
1590137817948,-120,-77,-118,-131,-1121,8895,-13459,0
1590137817960,-112,-65,-105,-108,-1013,8874,-13276,0
1590137817981,-101,-47,-88,-105,-1037,8961,-13663,0
1590137818006,-78,-44,-88,-110,-1103,8975,-13826,0
1590137818027,-109,-78,-112,-127,-1120,8860,-13757,0
1590137818039,-108,-36,-118,-123,-936,9014,-13341,0
1590137818061,-60,-3,-104,-95,-982,9146,-13341,0
1590137818086,-61,-29,-82,-92,-934,9154,-13411,0
1590137818106,-86,-30,-91,-98,-914,8944,-13567,0
1590137818128,-46,44,-91,-81,-740,8902,-13856,0
1590137818140,-8,24,-80,-89,-529,8693,-13930,0
1590137818162,-54,-11,-92,-87,-366,8436,-13800,0
1590137818184,-76,-16,-89,-93,-241,8154,-13920,0
1590137818207,-61,9,-91,-88,-204,7803,-14504,0
1590137818219,-36,20,-84,-89,-15,7717,-14079,0
1590137818241,-46,0,-98,-101,382,7596,-13730,0
1590137818263,-57,10,-103,-92,642,7577,-13682,0
1590137818288,-47,23,-100,-100,734,7961,-13873,0
1590137818309,-42,12,-114,-112,1008,8330,-13688,0
1590137818320,-54,31,-110,-55,1119,8850,-13418,0
1590137818354,-22,47,-34,-8,1233,9617,-13282,0
1590137818364,-38,-4,-43,-70,1302,10160,-12939,0
1590137818387,-107,-41,-133,-126,1460,10800,-13317,0
1590137818399,-86,-3,-124,-93,1681,11492,-13392,0
1590137818423,-87,-66,-123,-146,1750,11408,-13370,0
1590137818444,-148,-68,-177,-148,1873,11833,-13135,0
1590137818466,-106,0,-142,-87,1994,11676,-12847,0
1590137818488,-57,-15,-92,-93,1876,11451,-13110,0
1590137818499,-104,-76,-132,-153,1724,11096,-12960,0
1590137818523,-168,-98,-207,-205,1621,11051,-12971,0
1590137818545,-141,-67,-224,-233,1517,10806,-12718,0
1590137818567,-145,-125,-285,-326,1375,10565,-12358,0
1590137818578,-210,-156,-377,-366,1352,10289,-12177,0
1590137818601,-186,-67,-352,-268,1332,10192,-12336,0
1590137818624,-78,19,-224,-156,1231,10672,-12733,0
1590137818646,-30,53,-147,-106,1263,10766,-12651,0
1590137818668,15,125,-92,-17,1365,10897,-12288,0
1590137818679,90,178,16,82,1327,10880,-12497,0
1590137818703,80,112,48,36,1211,10619,-13175,0
1590137818724,67,201,16,94,1363,10419,-13017,0
1590137818749,212,310,138,202,1410,10213,-12814,0
1590137818759,221,237,167,154,1530,9694,-12871,0
1590137818781,130,166,95,91,1553,9120,-12908,0
1590137818803,112,186,68,96,1562,8934,-13118,0
1590137818825,123,172,68,87,1840,8820,-13229,0
1590137818848,104,161,70,112,1962,8397,-13311,0
1590137818860,105,144,105,118,2067,8316,-13665,0
1590137818882,67,121,80,96,2018,8277,-13948,0
1590137818905,72,97,73,60,2210,8537,-13816,0
1590137818929,-3,-3,1,-33,2180,8403,-14346,0
1590137818940,-70,-36,-67,-72,2179,8405,-14628,0
1590137818961,-101,-78,-108,-114,2126,8283,-14337,0
1590137818983,-130,-92,-119,-88,2360,8223,-14445,0
1590137819006,-118,-53,-71,-30,2575,7988,-14553,0
1590137819029,-92,-87,-39,-73,2642,7575,-14768,0
1590137819041,-156,-99,-128,-148,2784,7079,-14705,0
1590137819063,-91,13,-152,-125,2999,6895,-14625,0
1590137819084,3,76,-125,-115,3102,6562,-15105,0
1590137819107,44,87,-126,-124,3119,6173,-15435,0
1590137819131,29,42,-146,-165,3120,5830,-15249,0
1590137819141,-27,6,-197,-220,3210,5637,-15769,0
1590137819164,-28,27,-240,-235,3359,5668,-16601,0
1590137819185,-12,21,-222,-180,3363,5527,-16408,0
1590137819208,-43,-47,-146,-117,3263,5431,-15995,0
1590137819219,-110,-90,-108,-85,3107,5611,-15753,0
1590137819243,-125,-54,-91,-62,3010,5907,-15196,0
1590137819264,-51,26,-40,18,3068,6121,-14628,0
1590137819287,39,144,54,136,2801,6197,-14819,0
1590137819298,186,300,159,192,2530,5598,-14938,0
1590137819321,308,381,168,190,2080,5915,-14993,0
1590137819343,295,292,151,135,1867,6166,-14389,0
1590137819366,177,192,90,115,1562,6487,-14037,0
1590137819389,116,154,90,100,963,6660,-14876,0
1590137819404,85,122,24,-9,633,6872,-14959,0
1590137819424,25,78,-98,-61,452,6791,-14873,0
1590137819447,17,87,-71,-15,363,6559,-15537,0
1590137819467,-16,-14,-82,-95,443,6202,-15216,0
1590137819481,-135,-85,-166,-120,345,5829,-15439,0
1590137819501,-171,-92,-170,-123,401,5089,-15111,0
1590137819525,-144,-14,-161,-77,419,4750,-14684,0
1590137819546,-78,19,-112,-31,333,4300,-14805,0
1590137819569,-72,2,-74,-2,5,4150,-15373,0
1590137819580,-94,23,-67,35,-347,4357,-16352,0
1590137819602,-64,49,-27,54,-780,5285,-15930,0
1590137819625,-64,19,-50,3,-1365,5784,-15770,0
1590137819649,-97,54,-95,20,-2644,6200,-15500,0
1590137819659,-22,142,-46,70,-4057,6379,-14514,0
1590137819681,28,158,-11,116,-5541,7477,-13514,0
1590137819703,11,121,30,154,-7131,8488,-12257,0
1590137819726,-36,81,36,124,-8629,8928,-11948,0
1590137819749,-77,15,-25,27,-9691,8716,-12194,0
1590137819760,-148,-23,-131,-55,-10302,9051,-11512,0
1590137819782,-152,-4,-160,-39,-10540,9559,-11302,0
1590137819805,-157,-61,-162,-113,-10743,9346,-11239,0
1590137819827,-228,-122,-262,-212,-10942,8942,-11296,0
1590137819838,-271,-154,-341,-290,-10953,8601,-11005,0
1590137819861,-302,-253,-419,-433,-10909,8525,-10639,0
1590137819883,-447,-488,-586,-672,-10759,8259,-10543,0
1590137819906,-680,-688,-835,-925,-10707,7906,-11071,0
1590137819928,-801,-624,-1040,-958,-10354,7682,-11338,0
1590137819939,-588,-231,-917,-593,-9830,7162,-11101,0
1590137819962,-82,364,-368,103,-9385,6788,-11632,0
1590137819984,364,533,254,470,-9321,6532,-12250,0
1590137820007,212,230,231,232,-8816,6609,-12567,0
1590137820019,28,246,52,228,-8457,6578,-12722,0
1590137820041,168,379,185,384,-7875,6457,-12339,0
1590137820063,198,295,240,311,-7376,6273,-12609,0
1590137820086,89,229,128,229,-6951,6008,-13146,0
1590137820110,112,311,130,300,-6759,5692,-13668,0
1590137820120,202,364,234,389,-6515,5332,-13599,0
1590137820143,215,324,274,364,-6183,5006,-13385,0
1590137820164,177,332,244,374,-6087,5162,-13560,0
1590137820188,228,332,301,398,-6200,5187,-13845,0
1590137820198,182,272,273,339,-6331,5152,-14535,0
1590137820221,128,237,205,290,-6235,5157,-14460,0
1590137820244,163,309,231,364,-6136,5012,-14025,0
1590137820266,184,202,243,228,-5973,5136,-13508,0
1590137820288,-33,-240,6,-253,-6189,5105,-13914,0
1590137820300,-478,-386,-523,-500,-6362,5292,-14337,0
1590137820322,-379,-263,-504,-416,-6235,5775,-13618,0
1590137820345,-341,-251,-474,-406,-6090,5974,-14047,0
1590137820367,-193,7,-334,-144,-5915,6061,-14196,0
1590137820378,-15,13,-128,-120,-5877,5888,-14238,0
1590137820401,84,441,-32,320,-5531,5815,-14507,0
1590137820423,518,332,489,329,-5202,5778,-16031,0
1590137820446,-84,-248,-104,-384,-4577,6093,-17133,0
1590137820468,-241,-115,-423,-327,-4323,6153,-17060,0
1590137820479,-106,-96,-299,-307,-3792,6421,-16542,0
1590137820502,-177,-232,-369,-438,-3367,6501,-15452,0
1590137820527,-207,-154,-403,-373,-2938,6411,-14790,0
1590137820552,-52,-31,-257,-225,-2708,6385,-14610,0
1590137820561,-28,-78,-183,-235,-2492,6391,-13993,0
1590137820588,-56,-133,-207,-308,-2136,6449,-13681,0
1590137820603,-102,-148,-285,-344,-1721,6604,-13364,0
1590137820627,-63,-63,-250,-249,-1561,6711,-13586,0
1590137820648,37,-68,-131,-233,-1475,6988,-13666,0
1590137820660,-57,-187,-230,-379,-1322,7293,-14202,0
1590137820683,-94,-85,-306,-313,-1290,7329,-14349,0
1590137820704,83,2,-145,-226,-1319,7409,-14604,0
1590137820727,65,-46,-161,-284,-1310,7480,-15043,0
1590137820738,45,-36,-200,-295,-1297,7311,-15142,0
1590137820761,102,38,-162,-217,-1287,7253,-14944,0
1590137820784,175,96,-58,-119,-1558,7210,-15072,0
1590137820806,202,80,5,-119,-1536,7173,-14645,0
1590137820829,171,64,-25,-122,-1465,7325,-14213,0
1590137820839,226,175,66,34,-1487,7376,-14276,0
1590137820863,310,168,179,34,-1646,7459,-14531,0
1590137820885,252,119,108,-40,-1690,7159,-14727,0
1590137820907,242,86,82,-72,-1849,6991,-14924,0
1590137820921,186,30,27,-141,-1881,6906,-14461,0
1590137820941,117,-42,-68,-245,-1902,7102,-13933,0
1590137820963,91,23,-129,-204,-1887,7214,-13522,0
1590137820986,244,229,36,48,-2040,7428,-13986,0
1590137821008,452,443,297,314,-1995,7580,-13944,0
1590137821019,580,347,486,260,-2120,7992,-13988,0
1590137821043,285,-25,189,-151,-2219,8118,-14493,0
1590137821065,54,0,-109,-187,-2279,8061,-14870,0
1590137821087,212,142,20,-49,-2134,7989,-15128,0
1590137821101,269,94,86,-80,-2155,8083,-15065,0
1590137821120,210,82,40,-88,-2176,8091,-14967,0
1590137821143,181,34,19,-140,-2307,7758,-14327,0
1590137821166,172,84,-11,-102,-2246,7812,-14200,0
1590137821189,217,79,46,-92,-2355,7526,-14246,0
1590137821203,190,83,19,-106,-2447,7170,-14233,0
1590137821222,248,160,58,-30,-2590,7230,-14566,0
1590137821245,254,110,80,-58,-2856,7174,-14823,0
1590137821268,259,81,99,-77,-2979,7206,-14927,0
1590137821279,69,-119,-93,-302,-3043,7282,-14544,0
1590137821305,-1,-87,-187,-271,-3073,7420,-14136,0
1590137821323,51,-82,-115,-245,-3303,7388,-14051,0
1590137821345,43,-60,-128,-252,-3334,7562,-14197,0
1590137821369,63,-88,-139,-297,-3462,7903,-14060,0
1590137821381,35,-70,-218,-350,-3366,7818,-13835,0
1590137821402,29,-104,-189,-226,-3311,7685,-13750,0
1590137821425,11,-134,11,34,-3322,7780,-13920,0
1590137821447,-138,-377,189,87,-3209,7750,-14268,0
1590137821458,-382,-580,342,258,-3213,7626,-14239,0
1590137821481,-598,-772,145,-500,-3173,7496,-14077,0
1590137821503,-734,-700,-976,-1373,-3079,7620,-14185,0
1590137821526,-403,-324,-1533,-1676,-3000,7467,-14280,0
1590137821549,56,367,-1768,-1857,-2915,7895,-14167,0
1590137821559,826,744,-1907,-1924,-2830,7836,-14286,0
1590137821583,683,349,-1721,-1419,-2855,7741,-14392,0
1590137821605,378,243,-652,214,-2650,7404,-14410,0
1590137821638,334,144,967,812,-2517,6980,-14442,0
1590137821639,344,429,735,519,-2536,6778,-14428,0
1590137821662,866,964,827,948,-2508,6924,-14966,0
1590137821686,1077,726,1186,949,-2662,6883,-15230,0
1590137821707,734,523,1025,788,-2666,6930,-14835,0
1590137821731,605,380,856,601,-2689,6932,-14572,0
1590137821740,473,316,687,507,-2791,7138,-14496,0
1590137821766,476,337,648,478,-3015,7245,-14443,0
1590137821787,488,294,608,384,-3239,7461,-14360,0
1590137821808,378,179,429,193,-3401,7378,-14357,0
1590137821819,329,208,318,220,-3314,7712,-14254,0
1590137821841,324,86,383,164,-3350,7844,-13976,0
1590137821864,174,27,235,56,-3423,7768,-13943,0
1590137821885,201,98,194,72,-3518,7683,-13803,0
1590137821908,285,145,256,140,-3864,7891,-14016,0
1590137821921,252,18,272,48,-3856,7967,-13826,0
1590137821942,113,-28,131,-32,-3872,8020,-13591,0
1590137821965,150,51,106,-34,-3834,7930,-13518,0
1590137821987,251,124,129,-6,-3808,8021,-13548,0
1590137822003,262,82,132,-24,-3827,8081,-13723,0
1590137822021,194,25,118,-27,-3853,8082,-13992,0
1590137822044,161,21,110,-45,-3877,8029,-13997,0
1590137822068,183,28,100,-69,-3842,8045,-13933,0
1590137822088,165,34,38,-123,-3689,7879,-13887,0
1590137822100,224,84,29,-119,-3551,7880,-13949,0
1590137822123,228,80,17,-123,-3717,7889,-14093,0
1590137822145,224,66,18,-134,-3765,7855,-14119,0
1590137822167,225,105,16,-101,-3698,7753,-14161,0
1590137822181,282,111,75,-86,-3584,7630,-13969,0
1590137822202,218,41,10,-171,-3457,7454,-13988,0
1590137822223,213,89,-21,-144,-3379,7416,-14148,0
1590137822246,245,64,11,-154,-3391,7371,-14246,0
1590137822268,214,63,-13,-161,-3359,7151,-14283,0
1590137822281,226,73,-3,-152,-3266,7118,-14259,0
1590137822302,233,84,-4,-156,-3326,7189,-14432,0
1590137822324,241,97,-16,-158,-3260,7303,-14357,0
1590137822347,269,94,20,-130,-3320,7258,-14381,0
1590137822358,224,80,0,-145,-3201,7326,-14356,0
1590137822384,260,117,28,-106,-3255,7281,-14313,0
1590137822403,276,114,47,-117,-3336,7449,-14307,0
1590137822426,254,88,9,-155,-3390,7426,-14305,0
1590137822448,257,106,8,-129,-3381,7483,-14320,0
1590137822459,264,96,30,-131,-3228,7529,-14123,0
1590137822482,250,106,4,-144,-3271,7627,-14166,0
1590137822505,280,105,25,-130,-3357,7520,-14466,0
1590137822528,233,66,6,-152,-3424,7375,-14565,0
1590137822538,231,70,10,-140,-3412,7217,-14320,0
1590137822562,212,46,-5,-175,-3410,7102,-14093,0
1590137822585,237,113,-11,-143,-3449,7148,-14184,0
1590137822607,272,65,12,-171,-3528,7296,-14351,0
1590137822629,201,47,-34,-176,-3434,7384,-14348,0
1590137822639,226,75,1,-137,-3470,7342,-14131,0
1590137822662,265,136,38,-103,-3402,7399,-14105,0
1590137822685,310,126,43,-143,-3453,7369,-14176,0
1590137822713,256,89,-14,-159,-3444,7372,-14280,0
1590137822718,251,70,15,-160,-3435,7332,-14351,0
1590137822741,174,-78,-59,-288,-3461,7343,-14218,0
1590137822764,-18,-275,-260,-520,-3361,7256,-14197,0
1590137822787,-208,-355,-462,-526,-3491,7108,-14314,0
1590137822809,-154,-165,-227,-162,-3492,7186,-14391,0
1590137822819,127,96,140,72,-3566,7321,-14299,0
1590137822842,426,490,348,386,-3453,7351,-14252,0
1590137822865,815,740,669,510,-3413,7350,-14232,0
1590137822887,897,657,584,298,-3492,7261,-14336,0
1590137822900,736,447,358,107,-3485,7351,-14325,0
1590137822921,487,206,166,-82,-3443,7363,-14242,0
1590137822944,265,54,-18,-208,-3447,7345,-14258,0
1590137822968,197,21,-56,-196,-3328,7403,-14180,0
1590137822989,172,7,-32,-182,-3225,7357,-14275,0
1590137823007,187,44,-5,-136,-3319,7311,-14295,0
1590137823022,197,14,11,-170,-3268,7227,-14453,0
1590137823044,167,4,-30,-192,-3266,7166,-14474,0
1590137823069,162,35,-44,-169,-3268,7135,-14509,0
1590137823080,232,65,20,-140,-3347,7180,-14473,0
1590137823103,210,50,-10,-180,-3224,7205,-14389,0
1590137823123,217,87,-41,-176,-3205,7387,-14369,0
1590137823146,276,96,7,-156,-3337,7545,-14559,0
1590137823169,213,17,-44,-229,-3219,7348,-14471,0
1590137823179,172,50,-83,-198,-3241,7305,-14258,0
1590137823204,246,107,-15,-149,-3212,7096,-14151,0
1590137823225,272,106,11,-140,-3165,6949,-14328,0
1590137823249,238,68,-3,-162,-3336,6854,-14521,0
1590137823259,234,95,-6,-141,-3341,6965,-14371,0
1590137823283,264,102,24,-130,-3250,7119,-14281,0
1590137823303,252,88,12,-143,-3221,7164,-14318,0
1590137823326,231,64,4,-146,-3204,7174,-14467,0
1590137823349,217,80,2,-138,-3182,7350,-14584,0
1590137823360,270,116,24,-134,-3286,7254,-14447,0
1590137823383,256,71,-6,-181,-3128,7143,-14319,0
1590137823406,224,77,-30,-164,-3231,7056,-14382,0
1590137823427,236,82,0,-141,-3292,7096,-14412,0
1590137823438,244,87,12,-147,-3316,7179,-14502,0
1590137823463,234,70,-6,-166,-3339,7260,-14419,0
1590137823484,222,86,-24,-156,-3303,7126,-14416,0
1590137823505,272,132,28,-96,-3208,7069,-14375,0
1590137823528,299,132,74,-75,-3161,7037,-14362,0
1590137823539,278,88,65,-124,-3328,7076,-14511,0
1590137823562,224,68,-4,-161,-3361,7145,-14515,0
1590137823585,250,86,8,-147,-3344,7084,-14392,0
1590137823607,224,62,-14,-180,-3220,7109,-14356,0
1590137823620,221,59,-30,-189,-3249,7058,-14394,0
1590137823647,200,31,-69,-245,-3361,7159,-14509,0
1590137823663,192,24,-94,-270,-3358,7154,-14478,0
1590137823687,102,-184,-222,-470,-3343,7058,-14294,0
1590137823708,-152,-432,-416,-606,-3276,6932,-14424,0
1590137823722,-462,-727,-591,-848,-3300,7148,-14410,0
1590137823742,-839,-1062,-976,-1197,-3268,7156,-14381,0
1590137823764,-844,-722,-1079,-1059,-3320,7326,-14452,0
1590137823790,-488,-533,-910,-985,-3305,7083,-14506,0
1590137823811,-415,-518,-886,-967,-3231,7128,-14422,0
1590137823822,-400,-536,-871,-992,-3223,6964,-14492,0
1590137823846,-414,-507,-894,-966,-3306,6815,-14444,0
1590137823868,-384,-585,-825,-971,-3293,6836,-14586,0
1590137823888,-611,-809,-1056,-1272,-3218,6985,-14460,0
1590137823901,-805,-956,-1336,-1471,-3239,6985,-14431,0
1590137823922,-999,-1151,-1532,-1636,-3294,6949,-14489,0
1590137823945,-1061,-1118,-1582,-1587,-3338,6831,-14411,0
1590137823968,-1021,-1022,-1490,-1482,-3232,6876,-14446,0
1590137823978,-857,-802,-1330,-1235,-3179,6887,-14545,0
1590137824002,-594,-595,-967,-858,-3135,6750,-14659,0
1590137824023,-481,-595,-687,-728,-3203,6964,-14680,0
1590137824046,-645,-763,-748,-840,-3103,7010,-14628,0
1590137824069,-606,-618,-640,-596,-3054,6645,-14555,0
1590137824080,-433,-446,-388,-389,-3109,6673,-14605,0
1590137824104,-323,-381,-255,-307,-3050,6705,-14608,0
1590137824125,-267,-298,-192,-232,-3147,6887,-14566,0
1590137824147,-166,-212,-88,-154,-3134,6801,-14434,0
1590137824158,-67,-86,-51,-131,-3218,6886,-14508,0
1590137824181,54,20,-51,-158,-3133,6874,-14538,0
1590137824204,200,167,-40,-105,-3011,6743,-14594,0
1590137824226,340,276,21,-69,-3066,6818,-14737,0
1590137824238,377,304,30,-3,-3017,6856,-14710,0
1590137824260,450,310,176,117,-3020,6671,-14699,0
1590137824283,422,317,289,267,-2995,6562,-14670,0
1590137824305,488,394,492,449,-2991,6585,-14759,0
1590137824329,514,411,560,429,-3008,6719,-14712,0
1590137824351,582,411,590,427,-3023,6571,-14578,0
1590137824361,494,403,515,427,-3027,6875,-14549,0
1590137824383,589,426,619,469,-3063,6736,-14641,0
1590137824406,556,414,619,467,-3004,6858,-14542,0
1590137824420,518,382,523,364,-3042,6815,-14548,0
1590137824440,535,386,506,352,-3103,6832,-14654,0
1590137824463,508,390,482,383,-3036,6969,-14513,0
1590137824486,511,371,522,386,-3004,7003,-14608,0
1590137824507,439,317,434,279,-3042,6798,-14678,0
1590137824519,498,404,427,299,-2945,6820,-14602,0
1590137824541,497,359,369,219,-3014,7003,-14645,0
1590137824563,520,410,360,252,-3005,6983,-14550,0
1590137824587,521,341,358,184,-2933,6923,-14630,0
1590137824597,445,275,282,119,-2928,6848,-14523,0
1590137824621,363,228,178,33,-2945,6908,-14675,0
1590137824642,386,300,175,92,-2833,6942,-14672,0
1590137824676,380,249,168,37,-2872,7001,-14644,0
1590137824688,445,309,213,79,-2862,6883,-14630,0
1590137824699,353,193,109,-54,-2846,6880,-14758,0
1590137824721,369,329,100,48,-2795,6891,-14745,0
1590137824744,562,532,269,258,-2845,6839,-14640,0
1590137824766,654,469,392,218,-2938,6761,-14632,0
1590137824777,544,364,279,120,-2952,6641,-14677,0
1590137824800,392,57,160,-148,-2966,6782,-14653,0
1590137824824,29,-7,-203,-267,-2993,6847,-14599,0
1590137824846,306,336,27,88,-3066,6941,-14539,0
1590137824867,524,365,288,153,-2958,6866,-14541,0
1590137824878,427,255,211,32,-2937,6875,-14613,0
1590137824900,358,164,114,-80,-3003,6899,-14587,0
1590137824923,91,-118,-167,-386,-2919,6884,-14646,0
1590137824946,9,12,-293,-297,-3009,6828,-14633,0
1590137824958,272,238,-50,-61,-3021,6991,-14494,0
1590137824991,353,157,52,-127,-2951,6886,-14496,0
1590137825003,313,324,21,28,-2934,7054,-14552,0
1590137825027,541,286,228,4,-2884,7047,-14736,0
1590137825048,224,82,-51,-185,-2969,7088,-14680,0
1590137825060,280,217,8,-36,-2991,7016,-14636,0
1590137825081,383,343,139,111,-3055,6926,-14542,0
1590137825105,483,301,262,97,-3055,6972,-14538,0
1590137825126,294,98,77,-130,-3005,6938,-14564,0
1590137825138,230,119,-35,-158,-3109,6946,-14597,0
1590137825159,228,123,-69,-171,-3137,6952,-14498,0
1590137825182,289,174,-19,-136,-3097,6933,-14419,0
1590137825206,295,153,-25,-149,-3199,6969,-14523,0
1590137825227,241,171,-44,-95,-3090,7045,-14560,0
1590137825240,787,1493,478,1197,-3056,6929,-14614,0
1590137825261,1797,1806,1816,1833,-3097,7022,-15007,0
1590137825284,1814,1811,1828,1793,-3045,7154,-14732,0
1590137825306,1795,1740,1515,586,-2995,6908,-14297,0
1590137825317,1472,931,10,-560,-2948,6742,-14445,0
1590137825347,880,706,-639,-730,-2978,6968,-14454,0
1590137825376,640,242,-569,-675,-3093,6820,-14195,0
1590137825386,35,-340,-627,-778,-2966,6705,-14358,0
1590137825408,-338,-382,-649,-648,-2969,7018,-14463,0
1590137825422,-145,-162,-428,-481,-2988,6948,-14560,0
1590137825441,-24,-142,-374,-497,-3041,7005,-14613,0
1590137825477,-43,-183,-396,-513,-3039,7160,-14537,0
1590137825488,-68,-164,-383,-439,-3026,7080,-14601,0
1590137825498,-1,-86,-243,-277,-3122,7044,-14491,0
1590137825522,49,-84,-109,-196,-3120,6959,-14542,0
1590137825542,8,-88,-67,-149,-3172,7077,-14517,0
1590137825565,53,-45,-5,-103,-3190,7034,-14488,0
1590137825589,80,-22,32,-65,-3026,7093,-14496,0
1590137825598,95,-10,59,-47,-3090,7068,-14418,0
1590137825623,107,23,74,-14,-3089,7203,-14464,0
1590137825643,152,11,110,-46,-3144,7215,-14518,0
1590137825666,92,-56,18,-149,-3215,7188,-14542,0
1590137825678,48,-47,-56,-169,-3138,7168,-14426,0
1590137825699,100,-10,-30,-144,-3109,7200,-14433,0
1590137825723,102,-50,-21,-166,-3151,7092,-14355,0
1590137825747,31,-62,-69,-155,-3227,7041,-14441,0
1590137825767,94,32,14,-46,-3229,7218,-14506,0
1590137825780,151,4,75,-84,-3225,7230,-14426,0
1590137825801,94,0,0,-106,-3221,7200,-14458,0
1590137825824,134,12,26,-104,-3270,7104,-14392,0
1590137825846,120,26,0,-105,-3244,7154,-14284,0
1590137825858,169,45,39,-86,-3262,7142,-14399,0
1590137825885,131,6,3,-127,-3231,7120,-14446,0
1590137825904,147,59,8,-90,-3247,7130,-14463,0
1590137825926,169,42,18,-117,-3223,7193,-14432,0
1590137825948,135,32,-24,-137,-3139,7162,-14349,0
1590137825959,164,57,0,-105,-3205,7096,-14357,0
1590137825981,148,14,-4,-143,-3125,7096,-14465,0
1590137826005,130,36,-32,-136,-3182,7088,-14484,0
1590137826026,163,53,-6,-114,-3207,7091,-14517,0
1590137826039,176,55,15,-101,-3161,7100,-14547,0
1590137826061,163,11,17,-119,-3123,7047,-14417,0
1590137826084,107,14,-6,-98,-3025,7247,-14386,0
1590137826106,159,74,37,-69,-3165,7282,-14784,0
1590137826129,192,55,37,-120,-3204,7254,-14888,0
1590137826141,147,40,-54,-193,-3232,6823,-14508,0
1590137826161,188,117,-60,-136,-3378,6740,-14105,0
1590137826184,220,73,-17,-147,-3236,7034,-13994,0
1590137826207,162,30,-47,-179,-3279,7394,-14347,0
1590137826217,129,0,-86,-212,-3255,7419,-14389,0
1590137826251,134,40,-66,-144,-3256,7292,-14440,0
1590137826267,178,54,3,-117,-3361,7020,-14688,0
1590137826286,140,40,-27,-139,-3387,7035,-14462,0
1590137826310,171,54,-15,-140,-3271,6928,-14362,0
1590137826319,158,66,-34,-123,-3420,6941,-14406,0
1590137826343,198,119,27,-48,-3426,7169,-14526,0
1590137826364,214,48,47,-128,-3538,7182,-14574,0
1590137826398,161,70,-27,-132,-3443,7274,-14337,0
1590137826398,171,1,-31,-200,-3366,7141,-13919,0
1590137826419,101,25,-100,-179,-3167,7150,-14081,0
1590137826442,197,89,-4,-106,-3084,7000,-14391,0
1590137826466,162,28,-25,-166,-3172,6935,-14704,0
1590137826488,136,43,-56,-155,-3205,6825,-14764,0
1590137826499,168,82,-30,-116,-3235,6721,-14512,0
1590137826521,187,94,4,-84,-3241,6685,-14429,0
1590137826547,196,71,25,-109,-3307,6865,-14495,0
1590137826566,125,-8,-59,-196,-3455,6997,-14666,0
1590137826577,86,-26,-88,-187,-3463,6967,-14436,0
1590137826599,39,-92,-106,-234,-3298,7087,-14114,0
1590137826622,-2,-66,-139,-213,-3322,7269,-14062,0
1590137826644,24,-75,-127,-243,-3390,7276,-14398,0
1590137826668,-8,-111,-182,-299,-3473,7212,-14577,0
1590137826679,-30,-97,-230,-312,-3335,7007,-14513,0
1590137826702,-2,-20,-224,-258,-3290,6992,-14430,0
1590137826725,126,48,-121,-195,-3224,7039,-14496,0
1590137826747,96,3,-133,-227,-3153,6837,-14305,0
1590137826759,85,21,-148,-223,-3230,6808,-14633,0
1590137826779,117,15,-125,-218,-3184,6930,-14765,0
1590137826802,48,-66,-175,-302,-3214,7007,-14490,0
1590137826825,-1,-32,-251,-306,-3197,7038,-14310,0
1590137826847,104,34,-184,-256,-3131,7008,-14394,0
1590137826859,71,-43,-210,-329,-3122,7017,-14542,0
1590137826881,34,-10,-261,-317,-3065,7147,-14524,0
1590137826904,88,-36,-233,-354,-2999,7221,-14630,0
1590137826927,6,-87,-312,-405,-3034,7015,-14677,0
1590137826937,-10,-88,-333,-412,-3179,6987,-14588,0
1590137826960,23,-13,-317,-341,-3185,6921,-14551,0
1590137826982,225,405,-76,153,-3217,6946,-14575,0
1590137827005,677,700,500,589,-3268,6911,-14433,0
1590137827029,681,499,607,406,-3351,6867,-14361,0
1590137827038,516,388,407,257,-3176,7034,-14396,0
1590137827061,385,283,242,117,-3352,7055,-14435,0
1590137827084,350,205,172,19,-3456,7138,-14461,0
1590137827106,187,15,-11,-209,-3367,7189,-14297,0
1590137827117,62,-15,-195,-296,-3344,7315,-14265,0
1590137827140,102,30,-203,-285,-3381,7268,-14348,0
1590137827163,141,53,-179,-261,-3370,7273,-14432,0
1590137827185,127,34,-184,-273,-3414,7333,-14333,0
1590137827209,127,50,-178,-251,-3457,7167,-14365,0
1590137827219,171,123,-127,-173,-3358,6989,-14241,0
1590137827244,211,125,-72,-147,-3365,7073,-14259,0
1590137827263,194,84,-56,-140,-3295,7047,-14350,0
1590137827286,154,35,-41,-140,-3280,7035,-14550,0
1590137827298,99,4,-61,-151,-3234,7059,-14553,0
1590137827320,102,0,-45,-151,-3158,7042,-14522,0
1590137827344,68,-29,-83,-189,-3217,7049,-14524,0
1590137827364,34,-83,-127,-256,-3201,7064,-14427,0
1590137827387,-40,-136,-224,-339,-3349,6925,-14512,0
1590137827399,-25,-52,-242,-274,-3344,6896,-14527,0
1590137827421,54,-13,-150,-201,-3282,6977,-14448,0
1590137827444,71,-32,-98,-187,-3301,6974,-14536,0
1590137827466,16,-75,-122,-221,-3160,6915,-14671,0
1590137827477,3,-57,-148,-224,-3258,6888,-14555,0
1590137827500,70,21,-107,-154,-3179,6977,-14487,0
1590137827522,121,57,-30,-82,-3255,7056,-14557,0
1590137827545,104,-15,-23,-154,-3296,6946,-14505,0
1590137827567,50,-28,-101,-190,-3313,6977,-14443,0
1590137827578,57,12,-106,-161,-3240,6957,-14439,0
1590137827601,95,55,-76,-128,-3315,6890,-14459,0
1590137827623,142,22,-43,-162,-3301,6911,-14547,0
1590137827649,57,-2,-116,-187,-3349,6892,-14470,0
1590137827657,106,72,-86,-134,-3277,6961,-14406,0
1590137827682,170,93,-34,-110,-3255,6936,-14609,0
1590137827703,168,90,-17,-82,-3260,6983,-14669,0
1590137827727,162,123,7,-40,-3204,7056,-14661,0
1590137827749,224,180,54,-9,-3084,7068,-14487,0
1590137827761,252,189,60,-16,-3097,7088,-14465,0
1590137827782,241,160,46,-29,-3232,6962,-14615,0
1590137827804,209,105,41,-57,-3355,6905,-14551,0
1590137827827,140,39,-16,-136,-3335,6885,-14453,0
1590137827837,103,37,-87,-172,-3316,6876,-14297,0
1590137827860,113,5,-92,-192,-3411,6985,-14425,0
1590137827882,54,-13,-122,-184,-3526,7009,-14413,0
1590137827905,92,37,-72,-139,-3470,6946,-14467,0
1590137827929,87,5,-111,-246,-3373,6998,-14344,0
1590137827938,106,97,-186,-234,-3436,7055,-14493,0
1590137827962,179,100,-174,-288,-3450,6998,-14341,0
1590137827983,169,87,-240,-319,-3392,7183,-14271,0
1590137828005,157,114,-230,-269,-3384,7220,-14471,0
1590137828017,207,120,-168,-254,-3450,7187,-14619,0
1590137828039,172,37,-192,-315,-3528,6983,-14497,0
1590137828063,78,-3,-265,-340,-3531,6887,-14359,0
1590137828084,85,33,-245,-287,-3452,6939,-14361,0
1590137828108,133,49,-175,-240,-3510,6902,-14579,0
1590137828120,130,125,-147,-166,-3626,6921,-14574,0
1590137828142,230,143,-62,-138,-3517,6908,-14274,0
1590137828164,187,108,-67,-128,-3562,6962,-14364,0
1590137828186,191,122,-12,-54,-3577,6986,-14512,0
1590137828198,210,103,62,-21,-3538,6930,-14459,0
1590137828219,144,13,38,-89,-3517,6939,-14316,0
1590137828243,75,-32,-23,-136,-3517,6913,-14410,0
1590137828265,-6,-81,-112,-206,-3526,6937,-14443,0
1590137828288,8,-82,-125,-225,-3484,6922,-14428,0
1590137828299,-32,-96,-178,-249,-3492,6972,-14397,0
1590137828321,-26,-80,-169,-221,-3417,6914,-14467,0
1590137828344,26,-21,-112,-158,-3420,6890,-14455,0
1590137828366,56,-7,-62,-119,-3296,6882,-14360,0
1590137828380,83,48,-16,-42,-3279,6915,-14527,0
1590137828402,154,58,76,-19,-3212,6991,-14592,0
1590137828423,98,18,16,-87,-3260,6928,-14555,0
1590137828447,87,53,-36,-93,-3293,6954,-14577,0
1590137828467,128,96,-11,-49,-3268,7006,-14508,0
1590137828478,182,127,41,-19,-3237,7074,-14532,0
1590137828501,154,60,16,-90,-3351,7069,-14499,0
1590137828524,98,27,-64,-166,-3247,7032,-14464,0
1590137828547,104,51,-111,-186,-3327,6939,-14544,0
1590137828557,120,47,-128,-213,-3234,6985,-14461,0
1590137828582,101,29,-151,-222,-3254,7060,-14402,0
1590137828604,113,101,-131,-153,-3195,7180,-14536,0
1590137828628,176,92,-73,-161,-3221,7167,-14593,0
1590137828649,119,51,-127,-203,-3224,7127,-14561,0
1590137828659,108,68,-144,-201,-3243,7066,-14500,0
1590137828683,134,96,-137,-184,-3226,6996,-14490,0
1590137828703,163,95,-106,-163,-3376,6991,-14456,0
1590137828727,136,76,-103,-164,-3331,6905,-14460,0
1590137828737,148,87,-87,-148,-3301,6966,-14339,0
1590137828759,151,90,-70,-134,-3279,7028,-14367,0
1590137828782,141,62,-74,-158,-3383,7042,-14545,0
1590137828805,116,68,-94,-138,-3330,7001,-14532,0
1590137828829,138,84,-42,-83,-3323,6982,-14382,0
1590137828838,128,67,-22,-86,-3291,7024,-14408,0
1590137828864,111,51,-29,-80,-3271,6967,-14499,0
1590137828888,88,-17,-16,-104,-3369,6886,-14581,0
1590137828907,19,-18,-59,-119,-3337,6915,-14511,0
1590137828920,64,19,-44,-102,-3325,6983,-14526,0
1590137828942,83,13,-30,-113,-3391,7003,-14395,0
1590137828966,75,29,-61,-141,-3316,7002,-14388,0
1590137828985,106,58,-83,-156,-3277,7066,-14491,0
1590137829008,100,31,-122,-216,-3326,6964,-14593,0
1590137829020,81,36,-173,-229,-3420,6993,-14584,0
1590137829042,96,55,-165,-221,-3370,6919,-14502,0
1590137829065,100,5,-175,-271,-3378,6931,-14481,0
1590137829086,45,-16,-230,-308,-3606,6909,-14484,0
1590137829099,37,-2,-280,-356,-3540,6948,-14368,0
1590137829120,92,28,-283,-358,-3491,6914,-14352,0
1590137829142,80,14,-300,-363,-3577,6935,-14365,0
1590137829166,95,78,-278,-292,-3674,6959,-14467,0
1590137829187,153,107,-203,-245,-3569,6982,-14299,0
1590137829200,192,166,-145,-155,-3564,7092,-14261,0
1590137829222,230,188,-64,-101,-3633,6994,-14438,0
1590137829243,234,162,-29,-88,-3569,6917,-14514,0
1590137829266,192,111,-30,-106,-3478,6991,-14305,0
1590137829277,172,88,-39,-117,-3526,7073,-14313,0
1590137829299,104,-48,-74,-209,-3608,7013,-14539,0
1590137829323,-68,-140,-210,-292,-3576,7011,-14576,0
1590137829345,-87,-143,-241,-304,-3440,7043,-14331,0
1590137829370,-31,-22,-192,-186,-3410,7113,-14286,0
1590137829379,56,20,-83,-93,-3487,7067,-14446,0
1590137829401,93,44,12,-22,-3495,7047,-14441,0
1590137829423,97,34,46,-5,-3440,7103,-14422,0
1590137829446,87,41,63,13,-3404,7095,-14366,0
1590137829469,94,40,59,-24,-3400,7025,-14476,0
1590137829488,102,-9,14,-120,-3428,6982,-14336,0
1590137829504,15,15,-108,-138,-3415,7070,-14401,0
1590137829525,120,98,-38,-63,-3423,7034,-14482,0
1590137829548,140,61,-1,-75,-3506,7031,-14492,0
1590137829559,78,34,-55,-127,-3319,7146,-14311,0
1590137829581,92,88,-86,-112,-3363,7181,-14290,0
1590137829603,163,98,-35,-107,-3339,7092,-14414,0
1590137829626,118,49,-75,-144,-3457,7048,-14481,0
1590137829638,104,74,-85,-132,-3400,7009,-14436,0
1590137829665,130,85,-81,-144,-3341,7074,-14397,0
1590137829683,136,90,-82,-131,-3252,7015,-14355,0
1590137829705,97,33,-108,-179,-3316,6996,-14423,0
1590137829727,78,56,-127,-159,-3319,7091,-14437,0
1590137829738,116,67,-97,-144,-3335,7174,-14413,0
1590137829761,82,44,-115,-169,-3359,7114,-14488,0
1590137829784,103,61,-115,-168,-3410,7110,-14460,0
1590137829806,101,74,-110,-135,-3371,7110,-14431,0
1590137829817,114,58,-73,-121,-3430,7087,-14437,0
1590137829839,104,60,-60,-120,-3314,7078,-14355,0
1590137829862,102,74,-83,-132,-3395,7018,-14413,0
1590137829885,107,41,-92,-155,-3392,7150,-14391,0
1590137829908,40,-11,-133,-183,-3460,7221,-14339,0
1590137829919,57,78,-110,-117,-3419,7152,-14382,0
1590137829946,148,135,-58,-89,-3377,7107,-14424,0
1590137829965,170,120,-49,-114,-3466,7025,-14538,0
1590137829986,154,103,-65,-105,-3443,6981,-14479,0
1590137829998,136,99,-45,-86,-3493,7133,-14365,0
1590137830020,129,42,-51,-150,-3422,7107,-14335,0
1590137830042,55,19,-136,-187,-3467,7171,-14311,0
1590137830066,61,30,-141,-186,-3271,7193,-14326,0
1590137830088,85,83,-128,-142,-3344,7289,-14379,0
1590137830099,154,129,-56,-71,-3407,7299,-14421,0
1590137830120,140,85,-37,-92,-3392,7237,-14368,0
1590137830143,115,74,-54,-109,-3353,7159,-14315,0
1590137830166,111,84,-77,-141,-3410,7168,-14437,0
1590137830177,142,119,-108,-167,-3457,7164,-14441,0
1590137830211,148,91,-143,-221,-3553,7228,-14387,0
1590137830224,121,69,-188,-245,-3510,7246,-14397,0
1590137830245,99,64,-210,-265,-3578,7248,-14348,0
1590137830269,96,50,-255,-344,-3541,7181,-14237,0
1590137830278,105,112,-328,-362,-3549,7220,-14181,0
1590137830302,183,146,-310,-344,-3592,7256,-14307,0
1590137830324,169,80,-297,-357,-3681,7119,-14382,0
1590137830347,87,61,-320,-334,-3712,7036,-14300,0
1590137830358,155,189,-220,-182,-3605,7044,-14290,0
1590137830393,256,194,-95,-144,-3564,7121,-14276,0
1590137830406,224,194,-88,-107,-3598,7076,-14238,0
1590137830424,222,177,-43,-64,-3553,7067,-14337,0
1590137830447,204,171,2,-14,-3615,7055,-14429,0
1590137830458,171,96,15,-51,-3506,7011,-14367,0
1590137830481,72,7,-61,-133,-3486,7121,-14372,0
1590137830505,28,-19,-115,-184,-3501,7141,-14512,0
1590137830526,9,-21,-161,-202,-3418,7030,-14473,0
1590137830538,2,-39,-167,-208,-3440,7081,-14302,0
1590137830559,2,-29,-154,-195,-3542,7188,-14191,0
1590137830584,19,26,-145,-154,-3564,7156,-14242,0
1590137830606,95,65,-68,-75,-3486,7219,-14244,0
1590137830628,62,26,-39,-64,-3464,7221,-14277,0
1590137830640,73,81,-5,0,-3504,7268,-14437,0
1590137830661,103,46,27,-28,-3483,7121,-14433,0
1590137830684,32,-15,-19,-64,-3397,7050,-14386,0
1590137830706,3,-28,-39,-83,-3554,7100,-14349,0
1590137830717,4,-15,-44,-69,-3452,7106,-14416,0
1590137830744,21,-26,-26,-93,-3421,7165,-14388,0
1590137830767,-10,-32,-88,-138,-3426,7143,-14335,0
1590137830787,-1,-18,-120,-166,-3338,7162,-14346,0
1590137830808,21,23,-135,-157,-3336,7141,-14461,0
1590137830819,60,51,-118,-135,-3279,7164,-14510,0
1590137830840,72,38,-100,-136,-3277,7242,-14422,0
1590137830864,45,26,-123,-171,-3297,7258,-14391,0
1590137830887,66,48,-144,-189,-3343,7211,-14400,0
1590137830897,68,37,-170,-208,-3366,7283,-14393,0
1590137830921,64,32,-160,-187,-3332,7349,-14268,0
1590137830944,51,48,-157,-185,-3306,7205,-14362,0
1590137830965,89,81,-151,-184,-3348,7043,-14495,0
1590137830987,108,84,-156,-191,-3401,7063,-14402,0
1590137831004,91,72,-174,-209,-3353,7203,-14371,0
1590137831021,108,99,-174,-191,-3357,7272,-14366,0
1590137831043,130,98,-146,-184,-3353,7288,-14456,0
1590137831065,73,10,-195,-275,-3306,7212,-14341,0
1590137831078,4,-18,-285,-319,-3219,7234,-14202,0
1590137831102,35,50,-257,-248,-3387,7232,-14266,0
1590137831124,88,81,-192,-199,-3458,7177,-14434,0
1590137831146,109,122,-156,-156,-3388,7267,-14374,0
1590137831169,176,155,-99,-125,-3385,7300,-14267,0
1590137831179,149,124,-115,-147,-3376,7290,-14354,0
1590137831203,154,163,-110,-108,-3416,7237,-14353,0
1590137831224,192,181,-62,-77,-3454,7348,-14391,0
1590137831247,192,159,-50,-87,-3398,7199,-14270,0
1590137831258,168,162,-61,-72,-3469,7225,-14278,0
1590137831279,208,215,-8,-11,-3415,7232,-14370,0
1590137831302,240,176,22,-42,-3376,7235,-14332,0
1590137831325,140,107,-67,-122,-3342,7167,-14433,0
1590137831352,137,137,-97,-110,-3421,7172,-14419,0
1590137831359,170,110,-68,-130,-3495,7132,-14511,0
1590137831391,57,7,-176,-243,-3490,7184,-14298,0
1590137831415,45,87,-221,-229,-3525,7263,-14232,0
1590137831426,161,150,-180,-199,-3574,7232,-14298,0
1590137831439,182,190,-151,-151,-3588,7262,-14306,0
1590137831459,242,242,-90,-105,-3545,7259,-14313,0
1590137831482,263,262,-69,-79,-3535,7252,-14155,0
1590137831505,271,242,-42,-54,-3455,7273,-14126,0
1590137831527,243,242,-13,-6,-3536,7270,-14308,0
1590137831539,252,196,32,-5,-3485,7235,-14463,0
1590137831561,146,81,-27,-95,-3480,7246,-14391,0
1590137831583,55,46,-118,-153,-3311,7176,-14295,0
1590137831605,89,102,-115,-112,-3390,7145,-14365,0
1590137831617,113,80,-79,-109,-3415,7045,-14460,0
1590137831642,83,48,-80,-115,-3287,7034,-14382,0
1590137831663,55,47,-90,-101,-3296,7111,-14352,0
1590137831696,60,44,-72,-95,-3351,7244,-14422,0
1590137831708,59,37,-71,-105,-3471,7327,-14348,0
1590137831720,16,1,-125,-163,-3373,7188,-14198,0
1590137831741,38,44,-133,-129,-3392,7299,-14302,0
1590137831764,54,27,-96,-125,-3451,7258,-14256,0
1590137831787,20,5,-125,-156,-3442,7283,-14274,0
1590137831797,12,10,-147,-161,-3429,7243,-14298,0
1590137831824,42,19,-113,-131,-3398,7229,-14387,0
1590137831844,6,-10,-120,-137,-3418,7228,-14389,0
1590137831865,-14,-31,-131,-167,-3293,7279,-14350,0
1590137831889,-14,-5,-156,-168,-3257,7294,-14271,0
1590137831898,15,9,-141,-143,-3373,7224,-14423,0
1590137831921,8,-1,-124,-125,-3326,7118,-14354,0
1590137831943,25,26,-85,-100,-3375,7227,-14312,0
1590137831966,32,30,-96,-123,-3302,7264,-14310,0
1590137831977,50,52,-112,-128,-3331,7301,-14431,0
1590137831999,48,42,-119,-148,-3334,7226,-14424,0
1590137832022,48,33,-146,-183,-3404,7267,-14303,0
1590137832044,54,65,-165,-177,-3352,7311,-14263,0
1590137832069,58,44,-183,-216,-3449,7270,-14314,0
1590137832080,52,53,-206,-214,-3465,7263,-14395,0
1590137832105,54,45,-205,-222,-3442,7279,-14296,0
1590137832128,56,81,-206,-204,-3415,7344,-14231,0
1590137832148,104,92,-170,-178,-3403,7345,-14365,0
1590137832158,77,71,-171,-189,-3406,7351,-14272,0
1590137832180,81,70,-174,-203,-3439,7322,-14358,0
1590137832202,57,47,-210,-241,-3441,7186,-14435,0
1590137832225,54,45,-231,-243,-3336,7146,-14220,0
1590137832250,41,46,-229,-232,-3402,7179,-14252,0
1590137832263,48,75,-211,-181,-3525,7328,-14376,0
1590137832282,102,89,-133,-141,-3635,7348,-14338,0
1590137832305,56,39,-158,-191,-3633,7374,-14190,0
1590137832327,47,77,-185,-182,-3624,7371,-14178,0
1590137832340,100,104,-161,-192,-3660,7214,-14091,0
1590137832360,118,136,-195,-211,-3593,7254,-14245,0
1590137832382,160,192,-193,-201,-3682,7256,-14235,0
1590137832405,195,225,-197,-190,-3556,7278,-14215,0
1590137832442,245,209,-152,-160,-3557,7313,-14191,0
1590137832444,152,153,-164,-157,-3500,7252,-14243,0
1590137832462,198,216,-111,-99,-3459,7260,-14317,0
1590137832485,221,249,-75,-64,-3574,7219,-14375,0
1590137832509,253,226,-43,-57,-3448,7222,-14365,0
1590137832518,198,208,-47,-30,-3494,7165,-14286,0
1590137832541,200,163,3,-17,-3568,7267,-14297,0
1590137832562,131,156,-14,11,-3622,7320,-14340,0
1590137832584,144,124,18,-4,-3623,7353,-14263,0
1590137832607,70,2,-42,-114,-3364,7356,-13976,0
1590137832618,-74,-151,-173,-226,-3395,7419,-14031,0
1590137832645,-248,-375,-278,-382,-3387,7413,-14449,0
1590137832667,-542,-806,-542,-842,-3416,7370,-14451,0
1590137832688,-1066,-1170,-1126,-1275,-3298,7315,-14324,0
1590137832698,-702,481,-896,213,-3307,7326,-14379,0
1590137832723,1540,1604,1421,1711,-3272,7295,-14456,0
1590137832742,992,520,1158,612,-3337,7233,-14507,0
1590137832765,280,258,294,185,-3301,7170,-14465,0
1590137832790,244,221,128,72,-3230,7094,-14367,0
1590137832799,160,106,-1,-85,-3268,6964,-14322,0
1590137832822,55,41,-163,-209,-3268,6929,-14333,0
1590137832845,48,54,-206,-216,-3225,6932,-14344,0
1590137832867,28,9,-232,-270,-3289,6518,-14369,0
1590137832877,28,44,-255,-249,-3257,6470,-14263,0
1590137832899,55,70,-212,-202,-3096,6969,-14344,0
1590137832923,109,151,-148,-113,-3145,6855,-14546,0
1590137832945,188,162,-56,-82,-3175,7033,-14478,0
1590137832970,141,128,-80,-94,-3076,7431,-14287,0
1590137832981,148,144,-48,-52,-3009,7621,-14156,0
1590137833002,133,64,-56,-141,-2899,7635,-14084,0
1590137833025,40,10,-162,-212,-2951,7880,-14157,0
1590137833046,4,-69,-208,-290,-3017,7940,-14307,0
1590137833059,-113,-152,-329,-385,-2859,7991,-14199,0
1590137833081,-107,-77,-338,-333,-2782,8011,-14058,0
1590137833106,-31,-67,-282,-329,-2691,8113,-14048,0
1590137833125,-71,-116,-323,-382,-2667,8159,-14136,0
1590137833148,-80,-57,-346,-340,-2582,8189,-14190,0
1590137833159,7,-8,-264,-274,-2545,8086,-14259,0
1590137833181,0,-73,-260,-343,-2540,8007,-14303,0
1590137833203,-83,-121,-346,-392,-2567,7964,-14289,0
1590137833226,-85,-81,-348,-352,-2546,7928,-14200,0
1590137833237,-54,-111,-309,-365,-2491,7912,-14294,0
1590137833260,-140,-158,-374,-414,-2505,7901,-14307,0
1590137833282,-124,-165,-379,-429,-2480,7838,-14254,0
1590137833307,-156,-130,-416,-390,-2530,7826,-14252,0
1590137833328,-3,91,-195,-20,-2513,7862,-14212,0
1590137833339,160,128,127,124,-2500,7976,-14185,0
1590137833364,122,75,95,-3,-2542,7971,-14171,0
1590137833385,108,117,-11,-52,-2495,8040,-14084,0
1590137833409,142,110,-44,-108,-2553,8062,-14144,0
1590137833418,94,23,-126,-216,-2553,8025,-14172,0
1590137833442,-5,-13,-237,-277,-2498,7934,-14125,0
1590137833462,22,10,-237,-254,-2545,7943,-14131,0
1590137833484,36,31,-215,-229,-2487,8015,-14056,0
1590137833509,53,37,-199,-230,-2456,8014,-14054,0
1590137833519,51,24,-209,-242,-2458,8036,-14063,0
1590137833542,50,36,-215,-238,-2530,8076,-14173,0
1590137833566,39,5,-219,-257,-2478,8097,-14125,0
1590137833587,8,-8,-232,-251,-2585,8145,-14026,0
1590137833598,27,16,-203,-217,-2533,8105,-14062,0
1590137833620,21,0,-190,-226,-2448,8154,-14036,0
1590137833644,15,10,-198,-214,-2476,8130,-14111,0
1590137833664,25,3,-190,-221,-2532,8074,-14090,0
1590137833687,3,1,-209,-228,-2548,8032,-13974,0
1590137833702,26,21,-194,-206,-2468,7849,-14034,0
1590137833722,55,62,-171,-176,-2444,7933,-14095,0
1590137833746,98,85,-124,-138,-2603,7850,-14154,0
1590137833766,81,56,-128,-167,-2630,7697,-14141,0
1590137833778,75,67,-142,-162,-2610,7743,-14087,0
1590137833800,36,-23,-172,-246,-2567,7622,-13900,0
1590137833822,-10,6,-227,-223,-2586,7778,-14053,0
1590137833847,42,45,-171,-173,-2602,7891,-14074,0
1590137833868,59,41,-143,-166,-2379,8075,-14157,0
1590137833881,29,0,-161,-196,-2431,8046,-14228,0
1590137833904,26,25,-168,-188,-2372,8112,-14347,0
1590137833925,15,-17,-190,-235,-2361,7938,-14268,0
1590137833947,1,14,-210,-208,-2325,7868,-14307,0
1590137833962,44,43,-168,-177,-2350,7867,-14263,0
1590137833981,34,32,-168,-183,-2374,7928,-14245,0
1590137834003,23,-6,-181,-223,-2425,7851,-14194,0
1590137834029,-18,-25,-228,-251,-2531,7757,-14143,0
1590137834050,-14,-15,-233,-247,-2568,7714,-14081,0
1590137834065,-10,-38,-228,-256,-2495,7786,-14085,0
1590137834082,-40,-60,-241,-259,-2541,7881,-14015,0
1590137834103,-66,-43,-234,-205,-2465,8064,-14068,0
1590137834128,0,9,-143,-138,-2525,8221,-14157,0
1590137834137,-12,-53,-133,-167,-2452,8273,-14118,0
1590137834163,-80,-49,-176,-166,-2516,8226,-14095,0
1590137834183,-14,-10,-122,-123,-2641,8352,-14080,0
1590137834205,-8,-10,-108,-127,-2540,8368,-14026,0
1590137834228,-4,2,-118,-130,-2683,8256,-13996,0
1590137834238,17,19,-114,-130,-2588,8190,-13880,0
1590137834262,64,97,-101,-108,-2637,8209,-13932,0
1590137834284,84,43,-126,-195,-2601,8109,-13969,0
1590137834306,-16,-78,-249,-329,-2658,8032,-14044,0
1590137834318,-117,-126,-371,-407,-2568,7942,-14089,0
1590137834340,-88,8,-373,-305,-2599,7778,-14047,0
1590137834362,111,173,-190,-125,-2637,7803,-14142,0
1590137834385,161,132,-104,-136,-2609,7842,-14171,0
1590137834408,110,95,-148,-183,-2562,7863,-14049,0
1590137834418,77,54,-190,-216,-2658,7887,-14114,0
1590137834444,40,13,-219,-256,-2590,7875,-14061,0
1590137834467,1,36,-254,-230,-2615,8041,-14100,0
1590137834488,73,66,-170,-174,-2657,8225,-14055,0
1590137834501,26,12,-192,-218,-2640,8196,-14077,0
1590137834521,30,74,-180,-146,-2603,8227,-14042,0
1590137834542,84,96,-115,-114,-2633,8159,-14035,0
1590137834564,92,102,-107,-112,-2639,8177,-13941,0
1590137834587,108,126,-95,-96,-2694,8153,-14089,0
1590137834601,126,111,-85,-109,-2612,8062,-14011,0
1590137834621,115,130,-97,-97,-2632,8021,-13972,0
1590137834643,134,132,-77,-90,-2637,7917,-14060,0
1590137834666,105,96,-104,-134,-2556,7929,-14120,0
1590137834679,77,73,-141,-157,-2635,7929,-14151,0
1590137834699,35,46,-172,-180,-2659,7888,-14091,0
1590137834727,33,18,-180,-207,-2582,7912,-14075,0
1590137834747,8,24,-204,-202,-2559,7906,-14175,0
1590137834769,35,58,-180,-169,-2576,7921,-14234,0
1590137834783,68,56,-145,-167,-2625,8010,-14084,0
1590137834802,42,21,-174,-211,-2581,8051,-14006,0
1590137834823,6,10,-214,-222,-2600,8008,-14013,0
1590137834848,2,16,-217,-214,-2683,7962,-14096,0
1590137834857,11,8,-202,-213,-2600,8115,-14076,0
1590137834881,-23,-6,-224,-223,-2576,8159,-14090,0
1590137834902,-9,15,-208,-188,-2656,8191,-14090,0
1590137834925,19,32,-160,-152,-2637,8135,-14112,0
1590137834947,24,22,-149,-172,-2536,8126,-14015,0
1590137834959,16,12,-175,-191,-2574,8103,-14143,0
1590137834981,24,71,-169,-130,-2511,8138,-14101,0
1590137835003,103,124,-79,-65,-2556,8220,-13993,0
1590137835026,88,61,-84,-128,-2578,8276,-13974,0
1590137835037,31,34,-156,-176,-2553,7939,-14046,0
1590137835059,17,32,-188,-202,-2642,7784,-14211,0
1590137835083,-8,-14,-228,-244,-2679,7847,-14046,0
1590137835104,1,42,-213,-182,-2678,7823,-13931,0
1590137835129,36,14,-172,-202,-2684,7911,-14059,0
1590137835138,-35,-45,-236,-250,-2659,8034,-14104,0
1590137835161,-14,5,-209,-193,-2628,8164,-14074,0
1590137835183,-28,-48,-205,-235,-2568,8215,-14027,0
1590137835207,-93,-103,-265,-286,-2648,8044,-14078,0
1590137835218,-111,-74,-284,-256,-2575,8117,-13903,0
1590137835240,-49,30,-207,-148,-2680,8195,-14057,0
1590137835263,52,55,-121,-138,-2741,8109,-14081,0
1590137835286,16,-7,-172,-211,-2731,8043,-14041,0
1590137835308,-39,-25,-231,-228,-2742,8056,-14091,0
1590137835320,-23,-11,-207,-192,-2686,8134,-14062,0
1590137835342,6,22,-149,-131,-2725,8221,-13946,0
1590137835365,8,10,-125,-137,-2680,8238,-13889,0
1590137835386,-4,19,-150,-155,-2676,8215,-14031,0
1590137835410,23,32,-143,-138,-2725,8048,-14101,0
1590137835421,3,57,-143,-106,-2593,8040,-14117,0
1590137835443,83,127,-80,-76,-2649,8023,-13998,0
1590137835465,101,88,-121,-174,-2713,7903,-13988,0
1590137835487,60,76,-199,-197,-2734,7865,-14087,0
1590137835499,68,74,-184,-182,-2794,7799,-14044,0
1590137835521,73,77,-176,-192,-2775,7827,-14092,0
1590137835545,65,90,-196,-188,-2784,8015,-14027,0
1590137835565,84,105,-176,-160,-2725,8058,-13956,0
1590137835589,81,76,-158,-170,-2720,8023,-14011,0
1590137835606,14,29,-210,-213,-2754,8048,-14094,0
1590137835626,22,58,-203,-176,-2673,8044,-14117,0
1590137835650,32,10,-182,-213,-2649,8215,-14059,0
1590137835667,-23,-4,-231,-223,-2608,8216,-14048,0
1590137835682,-16,-12,-221,-226,-2679,8183,-14129,0
1590137835701,-8,26,-216,-201,-2651,8107,-14074,0
1590137835723,38,70,-191,-190,-2716,7949,-14083,0
1590137835748,57,76,-206,-212,-2619,7856,-14009,0
1590137835757,61,90,-217,-203,-2645,7910,-14055,0
1590137835779,69,104,-199,-168,-2705,8055,-14116,0
1590137835802,90,88,-146,-133,-2767,8128,-14093,0
1590137835824,51,83,-130,-97,-2681,8216,-13934,0
1590137835849,80,86,-79,-81,-2688,8164,-13925,0
1590137835858,37,3,-118,-163,-2731,8138,-13998,0
1590137835886,-58,-73,-180,-147,-2706,8179,-14134,0
1590137835906,-56,10,-112,-106,-2654,8097,-13953,0
1590137835928,3,-4,-147,-185,-2754,7912,-13998,0
1590137835942,-37,2,-208,-183,-2690,7953,-14078,0
1590137835960,4,50,-172,-154,-2623,7897,-14036,0
1590137835982,44,74,-166,-174,-2652,7973,-13975,0
1590137836005,45,45,-209,-235,-2684,8144,-14125,0
1590137836028,21,56,-257,-252,-2659,8238,-13924,0
1590137836038,60,86,-256,-256,-2679,8341,-13965,0
1590137836061,80,99,-250,-232,-2684,8343,-14079,0
1590137836085,77,79,-224,-221,-2692,8269,-14044,0
1590137836107,13,5,-271,-310,-2717,8087,-13884,0
1590137836118,13,92,-311,-253,-2710,7983,-13934,0
1590137836142,74,79,-240,-221,-2802,7914,-14121,0
1590137836165,7,-9,-252,-260,-2736,7997,-14026,0
1590137836185,-41,-3,-257,-203,-2691,8078,-13911,0
1590137836207,-19,-1,-170,-128,-2777,8175,-14017,0
1590137836230,-59,-94,-155,-191,-2853,8209,-14088,0
1590137836241,-109,-52,-167,-89,-2790,8304,-13958,0
1590137836264,-48,-26,-65,-68,-2809,8222,-13916,0
1590137836287,-67,-46,-118,-122,-2773,8123,-13934,0
1590137836300,-77,-42,-159,-163,-2883,7992,-14031,0
1590137836331,-57,12,-195,-158,-2826,7964,-14036,0
1590137836342,18,66,-158,-147,-2755,7869,-13847,0
1590137836366,44,64,-180,-199,-2824,7831,-13991,0
1590137836387,-1,4,-252,-239,-2776,8099,-14109,0
1590137836402,-9,32,-222,-188,-2776,8172,-13983,0
1590137836434,16,25,-197,-209,-2761,8205,-13976,0
1590137836444,-20,30,-238,-195,-2692,8205,-14095,0
1590137836470,24,58,-175,-139,-2744,8139,-14070,0
1590137836478,8,12,-159,-153,-2742,8083,-14103,0
1590137836503,-47,14,-186,-130,-2692,8057,-13956,0
1590137836523,-3,30,-122,-77,-2678,8236,-13951,0
1590137836544,-4,27,-88,-90,-2687,8148,-13938,0
1590137836567,0,43,-161,-173,-2913,8125,-14057,0
1590137836578,5,-6,-175,-153,-2779,8163,-14052,0
1590137836601,-34,4,-158,-136,-2771,8235,-13934,0
1590137836624,-13,32,-149,-128,-2871,8251,-13949,0
1590137836647,18,91,-138,-87,-2870,8331,-13896,0
1590137836657,102,188,-74,-42,-2880,8036,-13760,0
1590137836683,60,34,-218,-313,-2879,7976,-13962,0
1590137836707,28,139,-284,-143,-2744,8222,-13827,0
1590137836729,122,130,-129,-114,-2790,8478,-13919,0
1590137836750,28,52,-171,-154,-2859,8456,-13988,0
1590137836759,42,87,-154,-118,-2828,8441,-13985,0
1590137836785,54,90,-129,-104,-2773,8244,-13915,0
1590137836804,62,113,-128,-110,-2826,8027,-14032,0
1590137836826,76,101,-145,-133,-2796,8069,-14036,0
1590137836837,24,34,-180,-172,-2738,8124,-13844,0
1590137836860,-43,0,-228,-195,-2748,8171,-13808,0
1590137836883,-4,65,-192,-146,-2690,8186,-13911,0
1590137836905,24,83,-173,-118,-2765,8233,-14254,0
1590137836928,75,142,-100,-53,-2773,8193,-14169,0
1590137836938,65,32,-149,-248,-2631,7976,-13980,0
1590137836961,14,141,-302,-218,-2835,7852,-14111,0
1590137836984,139,184,-197,-161,-2878,7739,-14277,0
1590137837006,128,148,-204,-201,-2831,7663,-14128,0
1590137837018,110,199,-221,-149,-3017,7536,-14080,0
1590137837039,150,192,-157,-99,-2947,7612,-14105,0
1590137837062,84,60,-159,-179,-3025,7606,-14058,0
1590137837087,12,91,-211,-154,-2961,7766,-13934,0
1590137837109,61,113,-165,-112,-2985,8064,-14065,0
1590137837121,46,49,-146,-142,-2935,8210,-13938,0
1590137837141,18,71,-152,-107,-2804,8390,-13905,0
1590137837165,25,68,-136,-106,-2879,8316,-14034,0
1590137837186,35,125,-125,-49,-2907,8272,-14061,0
1590137837197,72,45,-92,-146,-2801,7981,-13973,0
1590137837220,-46,50,-238,-160,-2957,7920,-14077,0
1590137837242,39,109,-155,-102,-2922,7935,-14124,0
1590137837265,64,96,-133,-113,-2818,7828,-14198,0
1590137837287,47,112,-152,-103,-2870,7861,-14109,0
1590137837298,119,216,-81,5,-2964,7937,-14212,0
1590137837321,110,-37,-76,-224,-2868,7997,-14038,0
1590137837343,-175,-68,-365,-293,-2784,7932,-13955,0
1590137837367,6,127,-218,-111,-2898,7893,-14088,0
1590137837377,72,80,-149,-156,-2899,7683,-14134,0
1590137837402,-10,64,-236,-185,-2865,7619,-14023,0
1590137837424,43,112,-197,-134,-2782,7760,-14104,0
1590137837460,47,76,-167,-139,-2783,7899,-14088,0
1590137837468,20,118,-179,-92,-2736,8000,-14237,0
1590137837480,128,148,-59,-42,-2722,8033,-14254,0
1590137837501,59,106,-132,-120,-2744,7867,-14282,0
1590137837524,104,206,-122,-32,-2802,7778,-14302,0
1590137837546,157,189,-60,-28,-2805,7977,-14416,0
1590137837557,47,1,-139,-197,-2736,7962,-14108,0
1590137837580,-85,41,-284,-189,-2702,7870,-13885,0
1590137837602,52,123,-175,-120,-2814,7649,-14039,0
1590137837624,64,115,-169,-136,-2881,7547,-14179,0
1590137837648,57,107,-180,-139,-2917,7494,-14196,0
1590137837659,51,79,-176,-157,-2821,7686,-14031,0
1590137837687,24,86,-199,-156,-2816,7700,-14089,0
1590137837709,38,112,-187,-120,-2798,7765,-14202,0
1590137837727,78,144,-128,-69,-2793,8003,-14325,0
1590137837749,92,179,-120,-60,-2649,7975,-14265,0
1590137837760,127,179,-102,-50,-2628,7933,-14311,0
1590137837783,105,181,-103,-51,-2736,7824,-14298,0
1590137837804,122,137,-101,-94,-2754,7980,-14314,0
1590137837829,22,76,-187,-163,-2682,7935,-14049,0
1590137837841,72,169,-179,-100,-2796,7606,-13985,0
1590137837861,126,157,-115,-87,-2761,7482,-14083,0
1590137837885,73,147,-153,-103,-2851,7502,-14067,0
1590137837906,91,170,-149,-95,-2932,7573,-14119,0
1590137837930,127,165,-129,-94,-2853,7691,-14026,0
1590137837943,59,119,-177,-124,-2801,7765,-14215,0
1590137837964,72,203,-147,-20,-2798,8010,-14403,0
1590137837988,162,186,-45,-42,-2714,8003,-14307,0
1590137838008,84,149,-142,-104,-2713,7897,-14270,0
1590137838020,110,179,-129,-68,-2691,7804,-14162,0
1590137838040,120,185,-109,-64,-2786,7715,-14207,0
1590137838063,129,202,-110,-49,-2826,7729,-14178,0
1590137838087,150,250,-87,-14,-2905,7862,-14185,0
1590137838108,170,138,-80,-84,-2902,7929,-14127,0
1590137838120,-100,-194,-243,-292,-2915,8033,-13974,0
1590137838142,-302,-157,-372,-243,-2964,8038,-13864,0
1590137838165,-68,125,-167,-16,-2959,8000,-13879,0
1590137838188,127,185,-29,-4,-2912,7896,-14007,0
1590137838198,76,86,-125,-157,-2810,7809,-13970,0
1590137838222,5,52,-249,-238,-2859,7854,-14030,0
1590137838244,-26,53,-316,-264,-2732,7944,-14129,0
1590137838266,99,338,-213,25,-2693,7947,-14254,0
1590137838289,396,380,140,154,-2629,8068,-14477,0
1590137838299,-32,-205,-247,-482,-2617,7947,-14212,0
1590137838322,-192,154,-519,-204,-2607,7765,-13992,0
1590137838344,404,628,113,383,-2711,7883,-14186,0
1590137838378,448,216,260,8,-2784,7851,-14224,0
1590137838379,-115,-129,-345,-397,-3036,7971,-14261,0
1590137838401,-210,-257,-496,-608,-2967,8166,-14001,0
1590137838424,-401,-334,-770,-726,-3001,8147,-13655,0
1590137838446,-255,23,-625,-356,-2972,8220,-13783,0
1590137838480,157,331,-189,0,-2986,8066,-13889,0
1590137838480,254,278,-44,-30,-2984,8100,-13981,0
1590137838505,141,182,-168,-167,-2950,8139,-13907,0
1590137838527,149,283,-197,-67,-2845,8101,-13844,0
1590137838548,246,319,-64,7,-2782,8175,-13925,0
1590137838559,206,251,-86,-67,-2785,8115,-14024,0
1590137838582,194,291,-110,-32,-2769,8155,-14125,0
1590137838606,213,279,-94,-43,-2811,8186,-14127,0
1590137838627,182,231,-114,-72,-2835,8125,-14019,0
1590137838649,114,159,-159,-120,-2893,8149,-13826,0
1590137838663,74,158,-189,-112,-2995,8288,-13749,0
1590137838684,73,151,-173,-103,-3055,8354,-13741,0
1590137838706,127,240,-110,0,-3041,8547,-13689,0
1590137838729,169,210,-46,-9,-3023,8589,-13718,0
1590137838740,118,206,-83,-11,-3027,8534,-13646,0
1590137838761,188,297,-9,98,-3026,8641,-13650,0
1590137838783,238,288,68,124,-3064,8493,-13750,0
1590137838805,175,231,26,58,-3045,8372,-13817,0
1590137838828,139,166,-33,-19,-3153,8296,-13728,0
1590137838840,44,159,-135,-40,-3107,8324,-13666,0
1590137838862,136,212,-50,26,-3003,8336,-13598,0
1590137838884,92,114,-66,-44,-2891,8387,-13629,0
1590137838908,28,80,-121,-93,-3062,8524,-13914,0
1590137838918,-40,-4,-217,-210,-3109,8486,-13926,0
1590137838941,-28,97,-235,-133,-2963,8444,-13785,0
1590137838963,40,78,-179,-149,-2974,8469,-13796,0
1590137838985,-29,56,-245,-184,-2977,8436,-13778,0
1590137839009,20,109,-220,-153,-3023,8485,-13835,0
1590137839020,13,90,-244,-189,-2927,8289,-13877,0
1590137839042,33,136,-241,-152,-3003,8330,-13789,0
1590137839064,105,217,-173,-76,-3178,8333,-13786,0
1590137839087,129,173,-141,-104,-3042,8424,-13623,0
1590137839098,96,213,-158,-54,-3111,8546,-13646,0
1590137839121,174,229,-62,7,-2967,8547,-13620,0
1590137839143,131,199,-52,30,-3027,8538,-13584,0
1590137839167,133,220,-4,85,-3061,8499,-13668,0
1590137839189,117,153,6,44,-3032,8457,-13857,0
1590137839200,39,65,-51,-20,-3080,8367,-13856,0
1590137839223,-92,-78,-162,-158,-3072,8308,-13822,0
1590137839245,-123,18,-199,-71,-3032,8460,-13746,0
1590137839268,-17,101,-92,23,-3012,8401,-13748,0
1590137839278,73,135,6,48,-2965,8435,-13630,0
1590137839302,-3,10,-79,-90,-2887,8441,-13628,0
1590137839324,-84,11,-194,-125,-2886,8447,-13722,0
1590137839346,5,169,-129,17,-2935,8388,-13808,0
1590137839372,147,220,2,62,-2877,8405,-13812,0
1590137839380,99,181,-66,-25,-2894,8498,-13776,0
1590137839403,121,202,-100,-47,-2748,8507,-13825,0
1590137839426,92,150,-146,-100,-2939,8545,-13870,0
1590137839447,52,129,-181,-128,-2908,8531,-13807,0
1590137839458,24,54,-227,-212,-2942,8522,-13731,0
1590137839482,-25,62,-275,-210,-2852,8505,-13734,0
1590137839503,-41,-12,-301,-292,-2994,8298,-13798,0
1590137839525,-147,-124,-413,-414,-2951,8462,-13826,0
1590137839548,-226,-160,-510,-467,-2863,8489,-13677,0
1590137839559,-204,-82,-507,-399,-2919,8563,-13694,0
1590137839582,-161,-123,-455,-423,-2916,8534,-13707,0
1590137839604,-191,-54,-480,-371,-2995,8550,-13714,0
1590137839628,-14,180,-324,-140,-3023,8731,-13655,0
1590137839639,166,244,-117,-31,-3068,8757,-13589,0
1590137839661,156,209,-92,-46,-3106,8760,-13484,0
1590137839683,106,200,-127,-43,-3213,8733,-13490,0
1590137839709,157,213,-69,-16,-3192,8736,-13567,0
1590137839728,70,120,-143,-121,-3107,8574,-13621,0
1590137839740,69,197,-177,-63,-3161,8394,-13622,0
1590137839762,110,155,-130,-92,-3233,8284,-13637,0
1590137839785,53,139,-176,-105,-3101,8280,-13713,0
1590137839809,97,195,-139,-46,-3126,8316,-13727,0
1590137839819,123,207,-95,-22,-3005,8382,-13798,0
1590137839843,158,242,-50,35,-3065,8446,-13830,0
1590137839864,151,211,-32,10,-3161,8417,-13766,0
1590137839887,108,148,-88,-62,-3137,8359,-13716,0
1590137839913,83,240,-112,46,-3209,8371,-13626,0
1590137839924,214,271,38,85,-3163,8429,-13744,0
1590137839946,124,151,-56,-46,-3199,8429,-13810,0
1590137839966,78,168,-113,-41,-3140,8434,-13683,0
1590137839987,51,96,-150,-128,-3134,8445,-13670,0
1590137839999,78,272,-144,45,-3129,8386,-13731,0
1590137840022,290,341,107,169,-3172,8225,-13801,0
1590137840044,178,208,16,13,-3175,8216,-13834,0
1590137840067,154,263,-48,47,-3179,8273,-13677,0
1590137840091,137,125,-62,-98,-3143,8266,-13734,0
1590137840101,-23,87,-252,-170,-3135,8362,-13766,0
1590137840126,74,172,-173,-87,-3258,8510,-13734,0
1590137840146,77,121,-162,-122,-3223,8465,-13739,0
1590137840169,46,150,-180,-85,-3213,8490,-13652,0
1590137840180,76,144,-143,-98,-3156,8524,-13664,0
1590137840201,58,140,-174,-105,-3195,8534,-13675,0
1590137840227,124,256,-105,18,-3105,8491,-13659,0
1590137840245,154,169,-63,-61,-3103,8461,-13754,0
1590137840269,38,108,-190,-146,-3148,8458,-13736,0
1590137840280,62,177,-186,-80,-3092,8423,-13737,0
1590137840303,84,145,-151,-97,-3146,8394,-13785,0
1590137840327,62,158,-167,-92,-3123,8443,-13796,0
1590137840348,90,177,-148,-73,-3095,8356,-13723,0
1590137840361,77,119,-155,-136,-3049,8381,-13639,0
1590137840384,14,73,-228,-187,-3115,8473,-13844,0
1590137840404,-24,86,-270,-173,-3086,8442,-13841,0
1590137840428,108,260,-132,19,-3132,8375,-13881,0
1590137840449,139,145,-72,-82,-3061,8370,-13684,0
1590137840462,16,100,-212,-146,-3085,8398,-13704,0
1590137840485,36,140,-198,-108,-3131,8436,-13765,0
1590137840507,83,192,-148,-44,-3257,8420,-13789,0
1590137840528,121,193,-92,-28,-3153,8408,-13658,0
1590137840538,115,235,-94,6,-3191,8407,-13673,0
1590137840561,170,206,-39,-15,-3053,8482,-13717,0
1590137840583,56,152,-155,-81,-3178,8401,-13761,0
1590137840606,91,188,-130,-48,-3104,8374,-13857,0
1590137840628,126,209,-102,-39,-3091,8394,-13840,0
1590137840639,114,166,-131,-92,-3027,8319,-13773,0
1590137840662,33,96,-211,-161,-3126,8308,-13765,0
1590137840684,32,135,-213,-129,-3131,8397,-13764,0
1590137840708,45,110,-202,-144,-3166,8446,-13720,0
1590137840729,20,122,-217,-140,-3118,8512,-13753,0
1590137840744,72,184,-174,-66,-3196,8477,-13761,0
1590137840763,124,205,-101,-25,-3107,8415,-13727,0
1590137840786,82,114,-132,-114,-3182,8426,-13743,0
1590137840809,2,94,-213,-147,-3206,8419,-13657,0
1590137840822,47,184,-192,-60,-3266,8427,-13612,0
1590137840842,169,289,-49,71,-3213,8440,-13627,0
1590137840864,197,252,-2,46,-3199,8458,-13723,0
1590137840887,149,228,-43,23,-3057,8434,-13791,0
1590137840899,173,326,-24,105,-3160,8451,-13747,0
1590137840923,309,409,107,214,-3084,8434,-13805,0
1590137840945,294,332,128,157,-3114,8382,-13806,0
1590137840966,216,276,46,86,-3117,8347,-13716,0
1590137840988,134,183,-51,-30,-3009,8495,-13643,0
1590137841000,87,196,-128,-27,-3123,8578,-13659,0
1590137841022,161,285,-46,71,-3076,8515,-13701,0
1590137841045,214,292,19,93,-3049,8481,-13686,0
1590137841068,154,183,-27,-14,-3067,8433,-13615,0
1590137841079,85,211,-106,-4,-3151,8450,-13636,0
1590137841101,179,309,-20,97,-3088,8469,-13820,0
1590137841124,217,261,24,66,-3060,8462,-13751,0
1590137841146,116,180,-64,-26,-3128,8477,-13662,0
1590137841168,77,152,-128,-71,-3041,8422,-13699,0
1590137841179,47,119,-167,-103,-3087,8453,-13711,0
1590137841202,0,60,-208,-174,-3094,8384,-13767,0
1590137841224,-40,26,-270,-224,-3044,8424,-13723,0
1590137841248,-62,19,-302,-239,-3064,8547,-13805,0
1590137841258,-71,14,-313,-250,-3045,8607,-13734,0
1590137841281,-62,22,-311,-244,-3037,8649,-13695,0
1590137841304,-52,44,-303,-221,-3093,8626,-13787,0
1590137841326,-44,21,-291,-240,-3161,8616,-13663,0
1590137841348,-99,-39,-345,-305,-3223,8565,-13481,0
1590137841361,-102,12,-361,-267,-3130,8570,-13585,0
1590137841382,-58,24,-328,-268,-3306,8529,-13638,0
1590137841405,-89,-65,-363,-351,-3270,8499,-13569,0
1590137841433,-209,-170,-484,-475,-3193,8544,-13405,0
1590137841449,-248,-142,-556,-482,-3206,8601,-13507,0
1590137841462,-195,-79,-519,-417,-3267,8628,-13628,0
1590137841483,-97,32,-414,-294,-3239,8574,-13615,0
1590137841506,-68,-42,-363,-342,-3197,8623,-13575,0
1590137841530,-167,-63,-452,-375,-3260,8631,-13675,0
1590137841539,-58,154,-366,-161,-3176,8535,-13681,0
1590137841563,178,259,-98,0,-3253,8560,-13635,0
1590137841584,27,-36,-202,-287,-3187,8610,-13561,0
1590137841607,-128,48,-387,-244,-3125,8604,-13553,0
1590137841618,181,590,-96,331,-3086,8555,-13751,0
1590137841641,899,1193,721,1095,-3177,8610,-13902,0
1590137841663,1146,1131,1131,1140,-3117,8617,-13775,0
1590137841686,776,559,781,530,-3076,8525,-13755,0
1590137841708,96,-177,47,-303,-3116,8560,-13645,0
1590137841719,-414,-306,-609,-574,-3301,8491,-13546,0
1590137841742,-199,93,-491,-212,-3241,8746,-13511,0
1590137841764,144,236,-111,-8,-3347,8739,-13572,0
1590137841787,10,-91,-214,-346,-3433,8620,-13539,0
1590137841798,-323,-359,-578,-655,-3431,8691,-13517,0
1590137841821,-480,-427,-774,-756,-3414,8715,-13408,0
1590137841845,-453,-254,-789,-625,-3469,8680,-13433,0
1590137841866,-177,37,-540,-334,-3497,8705,-13551,0
1590137841888,48,210,-279,-102,-3383,8612,-13483,0
1590137841899,153,248,-114,-6,-3500,8561,-13517,0
1590137841923,136,192,-91,-37,-3493,8597,-13369,0
1590137841945,110,259,-100,41,-3489,8727,-13338,0
1590137841967,237,364,41,176,-3461,8824,-13413,0
1590137841978,339,453,177,294,-3277,8652,-13489,0
1590137842000,314,288,187,153,-3311,8683,-13732,0
1590137842023,32,18,-107,-174,-3271,8560,-13747,0
1590137842048,-27,177,-244,-55,-3404,8765,-13600,0
1590137842068,223,368,18,175,-3471,8777,-13570,0
1590137842081,211,168,50,-5,-3610,8911,-13498,0
1590137842102,-55,-35,-233,-248,-3838,8928,-13419,0
1590137842125,-116,15,-328,-210,-3859,8761,-13341,0
1590137842148,-30,115,-233,-92,-3750,8514,-13146,0
1590137842158,77,165,-104,-12,-3654,8421,-13402,0
1590137842181,4,45,-142,-121,-3775,8466,-13568,0
1590137842203,-79,13,-257,-229,-3964,8341,-13677,0
1590137842225,-49,71,-331,-260,-3969,8317,-13512,0
1590137842249,0,82,-336,-293,-3937,8469,-13317,0
